candidate_name,year,election_type,office,party,source
"WINSTON, ALMA MARIE",2014,PRIMARY,GOVERNOR,REPUBLICAN,http://elections.cdn.sos.ca.gov/statewide-elections/2014-primary/updated-contact-info.pdf
"WALLS, JIMELLE L.",2014,PRIMARY,GOVERNOR,NO PARTY PREFERENCE,http://elections.cdn.sos.ca.gov/statewide-elections/2014-primary/updated-contact-info.pdf
"ESPINOSA, GEBY E.",2014,PRIMARY,ASSEMBLY 24,DEMOCRATIC,http://elections.cdn.sos.ca.gov/statewide-elections/2012-primary/updated-contact-info-cert-list.pdf
"VALENTINE, ROBERT S.",2011,SPECIAL ELECTION,STATE SENATE 28,REPUBLICAN,http://elections.cdn.sos.ca.gov/special-elections/2011-sd28/certified-list.pdf
"WALDRON, MARIE",2018,PRIMARY,ASSEMBLY 75,REPUBLICAN,http://cal-access.sos.ca.gov/Campaign/Candidates/Detail.aspx?id=1273672
"KEPHART, GARY",2014,GENERAL,STATE SENATE 36,DEMOCRATIC,http://elections.cdn.sos.ca.gov/statewide-elections/2014-general/updated-contact-info.pdf
"WAHL, BERNT",2014,PRIMARY,ASSEMBLY 15,NO PARTY PREFERENCE,http://elections.cdn.sos.ca.gov/statewide-elections/2014-primary/updated-contact-info.pdf
"RODRIGUEZ, GREG",2016,GENERAL,ASSEMBLY 42,DEMOCRATIC,http://elections.cdn.sos.ca.gov/statewide-elections/2016-general/november2016-certified-list-of-candidates.pdf
"RATCLIFF, GLEN",2016,GENERAL,ASSEMBLY 54,REPUBLICAN,http://elections.cdn.sos.ca.gov/sov/2016-general/sov/2016-complete-sov.pdf
"LEAL, MARCO ANTONIO ""TONY""",2016,GENERAL,ASSEMBLY 62,REPUBLICAN,http://elections.cdn.sos.ca.gov/sov/2016-general/sov/2016-complete-sov.pdf
"ISLAM, MESBAH",2016,GENERAL,ASSEMBLY 73,DEMOCRATIC,http://elections.cdn.sos.ca.gov/sov/2016-general/sov/2016-complete-sov.pdf
"KROPP, ELMER MARK",2016,PRIMARY,ASSEMBLY 04,DEMOCRATIC,http://elections.cdn.sos.ca.gov/sov/2016-general/sov/2016-complete-sov.pdf
"SOUZA, JACOB R.",2016,PRIMARY,ASSEMBLY 13,REPUBLICAN,http://elections.cdn.sos.ca.gov/sov/2016-primary/110-state-assembly-formatted.pdf
"GOLLEHON, ERNIE",2016,PRIMARY,ASSEMBLY 34,REPUBLICAN,http://elections.cdn.sos.ca.gov/sov/2016-primary/110-state-assembly-formatted.pdf
"CERVANTES, AARON",2016,PRIMARY,ASSEMBLY 43,AMERICAN INDEPENDENT,http://elections.cdn.sos.ca.gov/sov/2016-primary/110-state-assembly-formatted.pdf
"RATCLIFF, GLEN",2016,PRIMARY,ASSEMBLY 54,REPUBLICAN,http://elections.cdn.sos.ca.gov/sov/2016-primary/110-state-assembly-formatted.pdf
"LEAL, MARCO ANTONIO ""TONY""",2016,PRIMARY,ASSEMBLY 62,REPUBLICAN,http://elections.cdn.sos.ca.gov/sov/2016-primary/110-state-assembly-formatted.pdf
"PHAM, NAM",2016,PRIMARY,ASSEMBLY 72,DEMOCRATIC,http://elections.cdn.sos.ca.gov//statewide-elections/2016-primary/june-2016-abbrev-candidates.pdf
"ISLAM, MESBAH",2016,PRIMARY,ASSEMBLY 73,DEMOCRATIC,http://elections.cdn.sos.ca.gov//statewide-elections/2016-primary/june-2016-write-in-voter-nominated.pdf
"SMITH, BRIGHAM SAWYER",2014,GENERAL,ASSEMBLY 01,DEMOCRATIC,http://elections.cdn.sos.ca.gov/statewide-elections/2014-general/general-certified-list.pdf
"CAPLES, BRIAN",2014,GENERAL,ASSEMBLY 06,DEMOCRATIC,http://elections.cdn.sos.ca.gov/statewide-elections/2014-general/general-certified-list.pdf
"RATCLIFF, GLEN",2014,GENERAL,ASSEMBLY 54,REPUBLICAN,http://elections.cdn.sos.ca.gov/statewide-elections/2014-general/general-certified-list.pdf
"KEPHART, GARY R.",2014,GENERAL,STATE SENATE 36,DEMOCRATIC,http://elections.cdn.sos.ca.gov/statewide-elections/2014-general/general-certified-list.pdf
"SMITH, BRIGHAM SAWYER",2014,PRIMARY,ASSEMBLY 01,DEMOCRATIC,http://elections.cdn.sos.ca.gov/statewide-elections/2014-general/general-certified-list.pdf
"CAPLES, BRIAN",2014,PRIMARY,ASSEMBLY 06,DEMOCRATIC,http://elections.cdn.sos.ca.gov/statewide-elections/2014-general/general-certified-list.pdf
"KIMACK, JOHN HENRY",2014,PRIMARY,ASSEMBLY 14,NO PARTY PREFERENCE,http://elections.cdn.sos.ca.gov/sov/2014-primary/pdf/2014-complete-sov.pdf
"REYNOSO, LUIS",2014,PRIMARY,ASSEMBLY 20,NO PARTY PREFERENCE,http://elections.cdn.sos.ca.gov/sov/2014-primary/pdf/2014-complete-sov.pdf
"LAWS, JERRY J.",2014,PRIMARY,ASSEMBLY 33,REPUBLICAN,http://elections.cdn.sos.ca.gov/sov/2014-primary/pdf/2014-complete-sov.pdf
"SUSCAVAGE, KEVIN J.",2014,PRIMARY,ASSEMBLY 39,DEMOCRATIC,http://elections.cdn.sos.ca.gov/sov/2014-primary/pdf/2014-complete-sov.pdf
"BOYD, MICHAEL B.",2014,PRIMARY,ASSEMBLY 39,REPUBLICAN,http://elections.cdn.sos.ca.gov/sov/2014-primary/pdf/2014-complete-sov.pdf
"TSAI, NATHANIEL J",2014,PRIMARY,ASSEMBLY 41,REPUBLICAN,http://elections.cdn.sos.ca.gov/sov/2014-primary/pdf/2014-complete-sov.pdf
"HAZELTON, LINDA",2014,PRIMARY,ASSEMBLY 41,REPUBLICAN,http://elections.cdn.sos.ca.gov/sov/2014-primary/pdf/2014-complete-sov.pdf
"RATCLIFF, GLEN",2014,PRIMARY,ASSEMBLY 54,REPUBLICAN,http://elections.cdn.sos.ca.gov/sov/2014-primary/pdf/2014-complete-sov.pdf
"PASTER, MIKE",2014,PRIMARY,ASSEMBLY 75,LIBERTARIAN,http://elections.cdn.sos.ca.gov/sov/2014-primary/pdf/2014-complete-sov.pdf
"WILDSTAR, NICKOLAS",2014,PRIMARY,GOVERNOR,NO PARTY PREFERENCE,http://elections.cdn.sos.ca.gov/sov/2014-primary/pdf/2014-complete-sov.pdf
"AGBEDE, AKINYEMI O.",2014,PRIMARY,GOVERNOR,DEMOCRATIC,http://elections.cdn.sos.ca.gov/sov/2014-primary/pdf/2014-complete-sov.pdf
"JOHNSON, AMOS",2014,PRIMARY,LIEUTENANT GOVERNOR,PEACE AND FREEDOM,http://elections.cdn.sos.ca.gov/sov/2014-primary/pdf/2014-complete-sov.pdf
"REYNOLDS, ALAN S.",2014,PRIMARY,LIEUTENANT GOVERNOR,AMERICAN INDEPENDENT,http://elections.cdn.sos.ca.gov/sov/2014-primary/pdf/2014-complete-sov.pdf
"NEVENIC, SVETLANA",2014,PRIMARY,STATE SENATE 28,DEMOCRATIC,http://elections.cdn.sos.ca.gov/sov/2014-primary/pdf/2014-complete-sov.pdf
"KEPHART, GARY R.",2014,PRIMARY,STATE SENATE 36,DEMOCRATIC,http://elections.cdn.sos.ca.gov/sov/2014-primary/pdf/2014-complete-sov.pdf
"NEVENIC, SVETLANA",2013,SPECIAL,STATE SENATE 40,DEMOCRATIC,http://elections.cdn.sos.ca.gov/special-elections/2013-sd40/primary-official-canvass.pdf
"LYNCH, THOMAS DEAN",2012,GENERAL,ASSEMBLY 02,DEMOCRATIC,http://elections.cdn.sos.ca.gov/sov/2012-general/sov-complete.pdf
"DIAMOND, ARLYNE M.",2012,GENERAL,ASSEMBLY 25,,
"HERNANDEZ, RUBEN D. ""RJ""",2012,GENERAL,ASSEMBLY 77,,
"CHAUSER, LEE H.",2012,GENERAL,STATE SENATE 33,,
"ELIZONDO, PAMELA",2012,PRIMARY,ASSEMBLY 02,,
"LYNCH, THOMAS DEAN",2012,PRIMARY,ASSEMBLY 02,,
"DIAMOND, ARLYNE M.",2012,PRIMARY,ASSEMBLY 25,,
"SUSCAVAGE, KEVIN J.",2012,PRIMARY,ASSEMBLY 39,,
"BENITEZ, RICARDO",2012,PRIMARY,ASSEMBLY 39,,
"LECAROS, ADRIANO",2012,PRIMARY,ASSEMBLY 46,,
"WINKLER-BEACH, THELMA",2012,PRIMARY,ASSEMBLY 47,,
"AMBROZEWICZ, BOGDAN ""BO"" I.",2012,PRIMARY,STATE SENATE 01,,
"RINGER, LISA D.",2012,PRIMARY,STATE SENATE 09,,
"CHAUSER, LEE H.",2012,PRIMARY,STATE SENATE 33,,
"AMBROZEWICZ, BOGDAN ""BO"" I.",2011,SPECIAL,ASSEMBLY 04,REPUBLICAN,http://elections.cdn.sos.ca.gov/special-elections/2011-ad4/primary-official-canvass.pdf
"CHAMNESS, MICHAEL",2011,SPECIAL,STATE SENATE 28,NO PARTY PREFERENCE,http://elections.cdn.sos.ca.gov/special-elections/2011-sd28/official-canvass.pdf
"HAVIG, MICHAEL",2010,GENERAL,ASSEMBLY 18,REPUBLICAN,http://elections.cdn.sos.ca.gov/sov/2010-general/complete-sov.pdf
"CAMPBELL, TIMOTHY J. (T.J.)",2010,GENERAL,ASSEMBLY 22,LIBERTARIAN,http://elections.cdn.sos.ca.gov/sov/2010-general/complete-sov.pdf
"SANTIAGO, CYNTHIA",2010,GENERAL,ASSEMBLY 51,GREEN,http://elections.cdn.sos.ca.gov/sov/2010-general/complete-sov.pdf
"THARP, DEBORAH",2010,GENERAL,ASSEMBLY 70,LIBERTARIAN,http://elections.cdn.sos.ca.gov/sov/2010-general/complete-sov.pdf
"KING, JIM",2010,GENERAL,LIEUTENANT GOVERNOR,AMERICAN INDEPENDENT,http://elections.cdn.sos.ca.gov/sov/2010-general/complete-sov.pdf
"GILL, LATHE SHELDON",2010,GENERAL,STATE SENATE 04,DEMOCRATIC,http://elections.cdn.sos.ca.gov/sov/2010-general/complete-sov.pdf
"PARK, DOO",2010,GENERAL,STATE SENATE 08,REPUBLICAN,http://elections.cdn.sos.ca.gov/sov/2010-general/complete-sov.pdf
"HINKLE, MARK W. A.",2010,SPECIAL,STATE SENATE 15,LIBERTARIAN,http://elections.cdn.sos.ca.gov/special-elections/2010-sd15/gen-official-canvass.pdf
"HAVIG, MICHAEL",2010,PRIMARY,ASSEMBLY 18,,
"CAMPBELL, TIMOTHY J. (T.J.)",2010,PRIMARY,ASSEMBLY 22,,
"MELLANA, PAUL (P. J.)",2010,PRIMARY,ASSEMBLY 50,,
"SANTIAGO, CYNTHIA",2010,PRIMARY,ASSEMBLY 51,,
"THARP, DEBORAH",2010,PRIMARY,ASSEMBLY 70,,
"JOHNSON, NATHAN E.",2010,PRIMARY,CONTROLLER,,
"ALEXANDER, S. DEACON",2010,PRIMARY,GOVERNOR,,
"DAVIS, BERT",2010,PRIMARY,LIEUTENANT GOVERNOR,,
"KING, JIM",2010,PRIMARY,LIEUTENANT GOVERNOR,,
"MONTGOMERY, G. ALAN",2010,PRIMARY,MEMBER BOARD OF EQUALIZATION 01,,
"LYNCH, THOMAS DEAN",2010,PRIMARY,STATE SENATE 02,,
"GILL, LATHE SHELDON",2010,PRIMARY,STATE SENATE 04,,
"PARK, DOO",2010,PRIMARY,STATE SENATE 08,,
"NEVENIC, SVETLANA",2010,SPECIAL,STATE SENATE 37,DEMOCRATIC,http://elections.cdn.sos.ca.gov/special-elections/2010-sd37/final-official-results-sd37-primary.pdf
"PULLEN-MILES, ROBERT",2009,SPECIAL,ASSEMBLY 51,DEMOCRATIC,http://elections.cdn.sos.ca.gov/special-elections/2009-ad51/final-official-results-ad51-primary.pdf
"COFFIN, DAVID",2009,SPECIAL,ASSEMBLY 51,REPUBLICAN,http://elections.cdn.sos.ca.gov/special-elections/2009-ad51/final-official-results-ad51-primary.pdf
"EVANS, MERVIN",2009,SPECIAL,STATE SENATE 26,DEMOCRATIC,http://elections.cdn.sos.ca.gov/special-elections/2009-sd26/final-official-results-sd26-03242009.pdf
"MARTINEZ, KAREN LOIS",2008,GENERAL,ASSEMBLY 05,PEACE AND FREEDOM,http://elections.cdn.sos.ca.gov/sov/2008-general/sov_complete.pdf
"LAVERY, PAUL",2008,GENERAL,ASSEMBLY 06,REPUBLICAN,http://elections.cdn.sos.ca.gov/sov/2008-general/sov_complete.pdf
"BONSER, JANICE M.",2008,GENERAL,ASSEMBLY 10,LIBERTARIAN,http://elections.cdn.sos.ca.gov/sov/2008-general/sov_complete.pdf
"HINKLE, MARK W. A.",2008,GENERAL,ASSEMBLY 27,LIBERTARIAN,http://elections.cdn.sos.ca.gov/sov/2008-general/sov_complete.pdf
"GANDRUD, GREGORY",2008,GENERAL,ASSEMBLY 35,REPUBLICAN,http://elections.cdn.sos.ca.gov/sov/2008-general/sov_complete.pdf
"ALEXANDER, PHILLIP",2008,GENERAL,ASSEMBLY 45,REPUBLICAN,http://elections.cdn.sos.ca.gov/sov/2008-general/sov_complete.pdf
"CAGE, LADY",2008,GENERAL,ASSEMBLY 47,REPUBLICAN,http://elections.cdn.sos.ca.gov/sov/2008-general/sov_complete.pdf
"SWINNEY, CARL M. ""MARTY""",2008,GENERAL,ASSEMBLY 51,LIBERTARIAN,http://elections.cdn.sos.ca.gov/sov/2008-general/sov_complete.pdf
"KEEDY, MAUREEN K.",2008,GENERAL,ASSEMBLY 59,LIBERTARIAN,http://elections.cdn.sos.ca.gov/sov/2008-general/sov_complete.pdf
"AMSBERRY, CHRISTIAN A.",2008,GENERAL,STATE SENATE 07,REPUBLICAN,http://elections.cdn.sos.ca.gov/sov/2008-general/sov_complete.pdf
"GUERRERO, ARTHUR BRAVO",2008,GENERAL,STATE SENATE 37,DEMOCRATIC,http://elections.cdn.sos.ca.gov/sov/2008-general/sov_complete.pdf
"MARTINEZ, KAREN LOIS",2008,PRIMARY,ASSEMBLY 05,,
"LAVERY, PAUL",2008,PRIMARY,ASSEMBLY 06,,
"BONSER, JANICE M.",2008,PRIMARY,ASSEMBLY 10,,
"SONG, ANNA",2008,PRIMARY,ASSEMBLY 22,,
"HINKLE, MARK W. A.",2008,PRIMARY,ASSEMBLY 27,,
"GANDRUD, GREGORY",2008,PRIMARY,ASSEMBLY 35,,
"ALEXANDER, PHILLIP",2008,PRIMARY,ASSEMBLY 45,,
"CAGE, LADY",2008,PRIMARY,ASSEMBLY 47,,
"SWINNEY, CARL M. ""MARTY""",2008,PRIMARY,ASSEMBLY 51,,
"KEEDY, MAUREEN K.",2008,PRIMARY,ASSEMBLY 59,,
"NAVARRO, GIL",2008,PRIMARY,ASSEMBLY 62,,
"TERRELL, DARYL",2008,PRIMARY,ASSEMBLY 64,,
"AMSBERRY, CHRISTIAN A.",2008,PRIMARY,STATE SENATE 07,REPUBLICAN,http://elections.cdn.sos.ca.gov/sov/2008-statewide-direct-primary/complete-sov.pdf
"FITZGERALD, JIM",2008,PRIMARY,STATE SENATE 15,,
"GUERRERO, ARTHUR BRAVO",2008,PRIMARY,STATE SENATE 37,DEMOCRATIC,http://elections.cdn.sos.ca.gov/sov/2008-statewide-direct-primary/complete-sov.pdf
"PETERS, DAVID W.",2008,PRIMARY,STATE SENATE 37,REPUBLICAN,http://elections.cdn.sos.ca.gov/sov/2008-statewide-direct-primary/complete-sov.pdf
"EVANS, MERVIN",2007,SPECIAL,ASSEMBLY 55,DEMOCRATIC,http://elections.cdn.sos.ca.gov/special-elections/2007-ad55/final_official_canvass_ad55_primary.pdf
"TROYER, ALBERT",2006,GENERAL,ASSEMBLY 10,PEACE AND FREEDOM,http://elections.cdn.sos.ca.gov/sov/2006-general/complete_sov.pdf
"BONSER, JANICE M.",2006,GENERAL,ASSEMBLY 10,LIBERTARIAN,http://elections.cdn.sos.ca.gov/sov/2006-general/complete_sov.pdf
"MORRISON, COLIN M.",2006,GENERAL,ASSEMBLY 27,,
"VEGA, MARIBEL",2006,GENERAL,ASSEMBLY 32,DEMOCRATIC,http://elections.cdn.sos.ca.gov/sov/2006-general/complete_sov.pdf
"AGBABA, MICHAEL M.",2006,GENERAL,ASSEMBLY 43,REPUBLICAN,http://elections.cdn.sos.ca.gov/sov/2006-general/complete_sov.pdf
"SWINNEY, CARL M. ""MARTY""",2006,GENERAL,ASSEMBLY 51,LIBERTARIAN,http://elections.cdn.sos.ca.gov/sov/2006-general/complete_sov.pdf
"TALEB, JON",2006,GENERAL,ASSEMBLY 65,PEACE AND FREEDOM,http://elections.cdn.sos.ca.gov/sov/2006-general/complete_sov.pdf
"CROSS, BRIAN LEE",2006,GENERAL,ASSEMBLY 72,LIBERTARIAN,http://elections.cdn.sos.ca.gov/sov/2006-general/complete_sov.pdf
"MEYER, SCOTT",2006,GENERAL,ASSEMBLY 75,DEMOCRATIC,http://elections.cdn.sos.ca.gov/sov/2006-general/complete_sov.pdf
"BELITZ, RICHARD G.",2006,GENERAL,ASSEMBLY 77,LIBERTARIAN,http://elections.cdn.sos.ca.gov/sov/2006-general/complete_sov.pdf
"CAMPBELL, WARREN MARK",2006,GENERAL,CONTROLLER,AMERICAN INDEPENDENT,http://elections.cdn.sos.ca.gov/sov/2006-general/complete_sov.pdf
"JORDAN, JANICE",2006,GENERAL,GOVERNOR,PEACE AND FREEDOM,http://elections.cdn.sos.ca.gov/sov/2006-general/complete_sov.pdf
"BURDEN, JAY EARL",2006,GENERAL,INSURANCE COMMISSIONER,AMERICAN INDEPENDENT,http://elections.cdn.sos.ca.gov/sov/2006-general/complete_sov.pdf
"OGDEN, DALE F.",2006,GENERAL,INSURANCE COMMISSIONER,LIBERTARIAN,http://elections.cdn.sos.ca.gov/sov/2006-general/complete_sov.pdf
"CONDIT, TOM",2006,GENERAL,INSURANCE COMMISSIONER,PEACE AND FREEDOM,http://elections.cdn.sos.ca.gov/sov/2006-general/complete_sov.pdf
"CAMPBELL, DAVID",2006,GENERAL,MEMBER BOARD OF EQUALIZATION 01,PEACE AND FREEDOM,http://elections.cdn.sos.ca.gov/sov/2006-general/complete_sov.pdf
"WATSON, KENNITA L.",2006,GENERAL,MEMBER BOARD OF EQUALIZATION 01,LIBERTARIAN,http://elections.cdn.sos.ca.gov/sov/2006-general/complete_sov.pdf
"MICHLIN, WILLARD D.",2006,GENERAL,MEMBER BOARD OF EQUALIZATION 02,LIBERTARIAN,http://elections.cdn.sos.ca.gov/sov/2006-general/complete_sov.pdf
"FINLEY, MARY LOU",2006,GENERAL,MEMBER BOARD OF EQUALIZATION 03,PEACE AND FREEDOM,http://elections.cdn.sos.ca.gov/sov/2006-general/complete_sov.pdf
"CHRISTIAN-HEISING, MARY",2006,GENERAL,MEMBER BOARD OF EQUALIZATION 03,DEMOCRATIC,http://elections.cdn.sos.ca.gov/sov/2006-general/complete_sov.pdf
"HENDERSON, CINDY VARELA",2006,GENERAL,MEMBER BOARD OF EQUALIZATION 04,PEACE AND FREEDOM,http://elections.cdn.sos.ca.gov/sov/2006-general/complete_sov.pdf
"MUNROE, TONY",2006,GENERAL,STATE SENATE 04,LIBERTARIAN,http://elections.cdn.sos.ca.gov/sov/2006-general/complete_sov.pdf
"FILIPOVICH, LOU",2006,GENERAL,STATE SENATE 10,REPUBLICAN,http://elections.cdn.sos.ca.gov/sov/2006-general/complete_sov.pdf
"LIDDLE, CHERRYL",2006,GENERAL,STATE SENATE 28,REPUBLICAN,http://elections.cdn.sos.ca.gov/sov/2006-general/complete_sov.pdf
"THOMAS, JESSE",2006,GENERAL,STATE SENATE 40,LIBERTARIAN,http://elections.cdn.sos.ca.gov/sov/2006-general/complete_sov.pdf
"SMITHSON, MARIAN V.",2006,GENERAL,TREASURER,LIBERTARIAN,http://elections.cdn.sos.ca.gov/sov/2006-general/complete_sov.pdf
"HENNEMANN, RAYMOND G.",2006,PRIMARY,ASSEMBLY 02,,
"BONSER, JANICE M.",2006,PRIMARY,ASSEMBLY 10,,
"COEN, COLLEEN",2006,PRIMARY,ASSEMBLY 19,,
"MORRISON, COLIN M.",2006,PRIMARY,ASSEMBLY 27,,
"AVILA, BENJAMIN",2006,PRIMARY,ASSEMBLY 29,,
"VEGA, MARIBEL",2006,PRIMARY,ASSEMBLY 32,,
"AGBABA, MICHAEL M.",2006,PRIMARY,ASSEMBLY 43,,
"SOLIS, JOHN M.",2006,PRIMARY,ASSEMBLY 57,,
"TALEB, JON",2006,PRIMARY,ASSEMBLY 65,,
"LOWE, ROBIN R.",2006,PRIMARY,ASSEMBLY 65,,
"CROSS, BRIAN LEE",2006,PRIMARY,ASSEMBLY 72,,
"MEYER, SCOTT",2006,PRIMARY,ASSEMBLY 75,,
"BELITZ, RICHARD G.",2006,PRIMARY,ASSEMBLY 77,,
"HARRIS, DAVID",2006,PRIMARY,CONTROLLER,,
"CAMPBELL, WARREN MARK",2006,PRIMARY,CONTROLLER,,
"JORDAN, JANICE",2006,PRIMARY,GOVERNOR,,
"BROUILLETE, JOE",2006,PRIMARY,GOVERNOR,,
"BURDEN, JAY EARL",2006,PRIMARY,INSURANCE COMMISSIONER,,
"OGDEN, DALE F.",2006,PRIMARY,INSURANCE COMMISSIONER,,
"CONDIT, TOM",2006,PRIMARY,INSURANCE COMMISSIONER,,
"FARMER, ANTHONY N.",2006,PRIMARY,LIEUTENANT GOVERNOR,,
"CAMPBELL, DAVID",2006,PRIMARY,MEMBER BOARD OF EQUALIZATION 01,,
"WATSON, KENNITA L.",2006,PRIMARY,MEMBER BOARD OF EQUALIZATION 01,,
"MICHLIN, WILLARD D.",2006,PRIMARY,MEMBER BOARD OF EQUALIZATION 02,,
"BRIGHT, TOM",2006,PRIMARY,MEMBER BOARD OF EQUALIZATION 02,,
"FINLEY, MARY LOU",2006,PRIMARY,MEMBER BOARD OF EQUALIZATION 03,,
"CHRISTIAN-HEISING, MARY",2006,PRIMARY,MEMBER BOARD OF EQUALIZATION 03,,
"DA SILVA, LEWIS A.",2006,PRIMARY,MEMBER BOARD OF EQUALIZATION 03,,
"HENDERSON, CINDY VARELA",2006,PRIMARY,MEMBER BOARD OF EQUALIZATION 04,,
"MUNROE, TONY",2006,PRIMARY,STATE SENATE 04,,
"HAWKINS, SAMUEL J.",2006,PRIMARY,STATE SENATE 06,,
"FILIPOVICH, LOU",2006,PRIMARY,STATE SENATE 10,,
"LIDDLE, CHERRYL",2006,PRIMARY,STATE SENATE 28,,
"THOMAS, JESSE",2006,PRIMARY,STATE SENATE 40,,
"SMITHSON, MARIAN V.",2006,PRIMARY,TREASURER,,
"WHITEHEAD, PAUL",2005,SPECIAL,ASSEMBLY 53,,
"TYRONE, RAY",2004,GENERAL,ASSEMBLY 01,REPUBLICAN,http://elections.cdn.sos.ca.gov/sov/2004-general/sov_2004_entire.pdf
"SCHWENK, TODD W.",2004,GENERAL,ASSEMBLY 04,DEMOCRATIC,http://elections.cdn.sos.ca.gov/sov/2004-general/sov_2004_entire.pdf
"MANFRE, MELISSA",2004,GENERAL,ASSEMBLY 05,LIBERTARIAN,http://elections.cdn.sos.ca.gov/sov/2004-general/sov_2004_entire.pdf
"MORGAN, GALE R.",2004,GENERAL,ASSEMBLY 09,LIBERTARIAN,http://elections.cdn.sos.ca.gov/sov/2004-general/sov_2004_entire.pdf
"GARCIA, GASPAR R.",2004,GENERAL,ASSEMBLY 09,REPUBLICAN,http://elections.cdn.sos.ca.gov/sov/2004-general/sov_2004_entire.pdf
"COLLIER, ZANDER Y.",2004,GENERAL,ASSEMBLY 24,LIBERTARIAN,http://elections.cdn.sos.ca.gov/sov/2004-general/sov_2004_entire.pdf
"DAVIS, BRIAN JOSEPH",2004,GENERAL,ASSEMBLY 38,DEMOCRATIC,http://elections.cdn.sos.ca.gov/sov/2004-general/sov_2004_entire.pdf
"AYAO, ELY DE LA CRUZ",2004,GENERAL,ASSEMBLY 39,REPUBLICAN,http://elections.cdn.sos.ca.gov/sov/2004-general/sov_2004_entire.pdf
"DE BAETS, PETER D.",2004,GENERAL,ASSEMBLY 47,LIBERTARIAN,http://elections.cdn.sos.ca.gov/sov/2004-general/sov_2004_entire.pdf
"ALEXANDER, SEBASTIAN",2004,GENERAL,ASSEMBLY 48,REPUBLICAN,http://elections.cdn.sos.ca.gov/sov/2004-general/sov_2004_entire.pdf
"BROWN, LAURA G.",2004,GENERAL,ASSEMBLY 49,LIBERTARIAN,http://elections.cdn.sos.ca.gov/sov/2004-general/sov_2004_entire.pdf
"BOIVIE, ETHAN M.",2004,GENERAL,ASSEMBLY 53,LIBERTARIAN,http://elections.cdn.sos.ca.gov/sov/2004-general/sov_2004_entire.pdf
"REIS, GEORGE",2004,GENERAL,ASSEMBLY 69,LIBERTARIAN,http://elections.cdn.sos.ca.gov/sov/2004-general/sov_2004_entire.pdf
"BALDWIN, MARK",2004,GENERAL,ASSEMBLY 70,LIBERTARIAN,http://elections.cdn.sos.ca.gov/sov/2004-general/sov_2004_entire.pdf
"CROSS, BRIAN LEE",2004,GENERAL,ASSEMBLY 72,LIBERTARIAN,http://elections.cdn.sos.ca.gov/sov/2004-general/sov_2004_entire.pdf
"RHODES, DAVID",2004,GENERAL,STATE SENATE 03,LIBERTARIAN,http://elections.cdn.sos.ca.gov/sov/2004-general/sov_2004_entire.pdf
"CONDIT, TOM",2004,GENERAL,STATE SENATE 09,PEACE AND FREEDOM,http://elections.cdn.sos.ca.gov/sov/2004-general/sov_2004_entire.pdf
"GOLDMAN, COLIN S.",2004,GENERAL,STATE SENATE 23,LIBERTARIAN,http://elections.cdn.sos.ca.gov/sov/2004-general/sov_2004_entire.pdf
"JOHNSON, TIMOTHY",2004,GENERAL,STATE SENATE 35,LIBERTARIAN,http://elections.cdn.sos.ca.gov/sov/2004-general/sov_2004_entire.pdf
"TYRONE, RAY",2004,PRIMARY,ASSEMBLY 01,,
"SCHWENK, TODD W.",2004,PRIMARY,ASSEMBLY 04,,
"MANFRE, MELISSA",2004,PRIMARY,ASSEMBLY 05,,
"MORGAN, GALE R.",2004,PRIMARY,ASSEMBLY 09,,
"GARCIA, GASPAR R.",2004,PRIMARY,ASSEMBLY 09,,
"SANCHEZ, MOSES ARIEL",2004,PRIMARY,ASSEMBLY 17,,
"TRAN, KHANH D.",2004,PRIMARY,ASSEMBLY 23,,
"JANKOWIAK, FRED",2004,PRIMARY,ASSEMBLY 24,,
"COLLIER, ZANDER Y.",2004,PRIMARY,ASSEMBLY 24,,
"DAVIS, BRIAN JOSEPH",2004,PRIMARY,ASSEMBLY 38,,
"AYAO, ELY DE LA CRUZ",2004,PRIMARY,ASSEMBLY 39,,
"DE BAETS, PETER D.",2004,PRIMARY,ASSEMBLY 47,,
"ALEXANDER, SEBASTIAN",2004,PRIMARY,ASSEMBLY 48,,
"BROWN, LAURA G.",2004,PRIMARY,ASSEMBLY 49,,
"BOIVIE, ETHAN M.",2004,PRIMARY,ASSEMBLY 53,,
"HAWKINS, WALTER S.",2004,PRIMARY,ASSEMBLY 62,,
"REIS, GEORGE",2004,PRIMARY,ASSEMBLY 69,,
"BALDWIN, MARK",2004,PRIMARY,ASSEMBLY 70,,
"CROSS, BRIAN LEE",2004,PRIMARY,ASSEMBLY 72,,
"RHODES, DAVID",2004,PRIMARY,STATE SENATE 03,,
"CONDIT, TOM",2004,PRIMARY,STATE SENATE 09,,
"DIAZ, ANDREW G. ABE",2004,PRIMARY,STATE SENATE 13,,
"MEDEIROS, JOSE FRANCIS",2004,PRIMARY,STATE SENATE 13,,
"GOLDMAN, COLIN S.",2004,PRIMARY,STATE SENATE 23,,
"JOHNSON, TIMOTHY",2004,PRIMARY,STATE SENATE 35,,
"BOURKE, KENNETH P.",2004,PRIMARY,STATE SENATE 39,,
"NAVE, PAUL",2003,SPECIAL,GOVERNOR,DEMOCRATIC,http://elections.cdn.sos.ca.gov/special-elections/2003-statewide/2003_cert_list.pdf
"CARSON, MICHAEL TODD",2003,SPECIAL,GOVERNOR,REPUBLICAN,http://elections.cdn.sos.ca.gov/special-elections/2003-statewide/2003_cert_list.pdf
"COOK, MARY ""MARY CAREY""",2003,SPECIAL,GOVERNOR,NO PARTY PREFERENCE,http://elections.cdn.sos.ca.gov/special-elections/2003-statewide/2003_cert_list.pdf
"GALLAGHER, LEO A.",2003,SPECIAL,GOVERNOR,NO PARTY PREFERENCE,http://elections.cdn.sos.ca.gov/special-elections/2003-statewide/2003_cert_list.pdf
"PAWLIK, GREGORY J.",2003,SPECIAL,GOVERNOR,REPUBLICAN,http://elections.cdn.sos.ca.gov/special-elections/2003-statewide/2003_cert_list.pdf
"MC CLAIN, ROBERT H.",2003,SPECIAL,GOVERNOR,NO PARTY PREFERENCE,http://elections.cdn.sos.ca.gov/special-elections/2003-statewide/2003_cert_list.pdf
"MEDNICK, SCOTT A.",2003,SPECIAL,GOVERNOR,DEMOCRATIC,http://elections.cdn.sos.ca.gov/special-elections/2003-statewide/2003_cert_list.pdf
"MARTORANA, GINO",2003,SPECIAL,GOVERNOR,REPUBLICAN,http://elections.cdn.sos.ca.gov/special-elections/2003-statewide/2003_cert_list.pdf
"KESSINGER, D. E.",2003,SPECIAL,GOVERNOR,DEMOCRATIC,http://elections.cdn.sos.ca.gov/special-elections/2003-statewide/2003_cert_list.pdf
"HERNANDEZ, RALPH A.",2003,SPECIAL,GOVERNOR,DEMOCRATIC,http://elections.cdn.sos.ca.gov/special-elections/2003-statewide/2003_cert_list.pdf
ALEX - ST. JAMES,2003,SPECIAL,GOVERNOR,REPUBLICAN,http://elections.cdn.sos.ca.gov/special-elections/2003-statewide/2003_cert_list.pdf
"MORTENSEN, JOHN S.",2003,SPECIAL,GOVERNOR,DEMOCRATIC,http://elections.cdn.sos.ca.gov/special-elections/2003-statewide/2003_cert_list.pdf
"BOCK, AUDIE E.",2003,SPECIAL,GOVERNOR,DEMOCRATIC,http://elections.cdn.sos.ca.gov/special-elections/2003-statewide/2003_cert_list.pdf
ANGELYNE,2003,SPECIAL,GOVERNOR,NO PARTY PREFERENCE,http://elections.cdn.sos.ca.gov/special-elections/2003-statewide/2003_cert_list.pdf
"KIMBALL, KELLY P.",2003,SPECIAL,GOVERNOR,DEMOCRATIC,http://elections.cdn.sos.ca.gov/special-elections/2003-statewide/2003_cert_list.pdf
"TRACY, BRIAN S.",2003,SPECIAL,GOVERNOR,NO PARTY PREFERENCE,http://elections.cdn.sos.ca.gov/special-elections/2003-statewide/2003_cert_list.pdf
"PINEDA, CHARLES",2003,SPECIAL,GOVERNOR,DEMOCRATIC,http://elections.cdn.sos.ca.gov/special-elections/2003-statewide/2003_cert_list.pdf
"ARIF, MOHAMMAD",2003,SPECIAL,GOVERNOR,NO PARTY PREFERENCE,http://elections.cdn.sos.ca.gov/special-elections/2003-statewide/2003_cert_list.pdf
"MC CARTHY, MIKE P.",2003,SPECIAL,GOVERNOR,NO PARTY PREFERENCE,http://elections.cdn.sos.ca.gov/special-elections/2003-statewide/2003_cert_list.pdf
"MC MAHON, DENNIS D.",2003,SPECIAL,GOVERNOR,REPUBLICAN,http://elections.cdn.sos.ca.gov/special-elections/2003-statewide/2003_cert_list.pdf
"HENDERSON, C. STEPHEN",2003,SPECIAL,GOVERNOR,NO PARTY PREFERENCE,http://elections.cdn.sos.ca.gov/special-elections/2003-statewide/2003_cert_list.pdf
"ADAM, IRIS",2003,SPECIAL,GOVERNOR,NATURAL LAW,http://elections.cdn.sos.ca.gov/special-elections/2003-statewide/2003_cert_list.pdf
"DOLE, ROBERT ""BUTCH""",2003,SPECIAL,GOVERNOR,REPUBLICAN,http://elections.cdn.sos.ca.gov/special-elections/2003-statewide/2003_cert_list.pdf
"THRON, DOUG RILEY",2002,GENERAL,ASSEMBLY 01,,
"BRET, PETE ANTHONY",2002,GENERAL,ASSEMBLY 02,,
"POSTON, DOUGLAS",2002,GENERAL,ASSEMBLY 09,,
"MANSKE, FRANK J.",2002,GENERAL,ASSEMBLY 11,,
"MADEN, CHRISTOPHER R.",2002,GENERAL,ASSEMBLY 13,,
"HOVINGH, JACK",2002,GENERAL,ASSEMBLY 18,,
"BELL, RAYMOND M.",2002,GENERAL,ASSEMBLY 21,,
"WATSON, KENNITA L.",2002,GENERAL,ASSEMBLY 22,,
"SMITH, E. DENISE",2002,GENERAL,ASSEMBLY 25,,
"CARTER, CHARLES ""CHUCK""",2002,GENERAL,ASSEMBLY 27,,
"MARTINEZ, RICHARD",2002,GENERAL,ASSEMBLY 29,,
"HOULGATE, LAURENCE",2002,GENERAL,ASSEMBLY 33,,
"LEMBKE, KARL",2002,GENERAL,ASSEMBLY 38,,
"AYAO, ELY DE LA CRUZ",2002,GENERAL,ASSEMBLY 39,,
"FRIEDMAN, CONSTANCE J.",2002,GENERAL,ASSEMBLY 40,,
"WOREN, SANDOR J.",2002,GENERAL,ASSEMBLY 43,,
"NEW, BOB",2002,GENERAL,ASSEMBLY 44,,
"CLEMENS, KEITH",2002,GENERAL,ASSEMBLY 47,,
"HERDEGEN, NOLAYAN O.",2002,GENERAL,ASSEMBLY 48,,
"WILSON, GUY",2002,GENERAL,ASSEMBLY 55,,
"MARTINEZ, ADRIAN LINCOLN",2002,GENERAL,ASSEMBLY 60,,
"SCOTT, G. EDWARD",2002,GENERAL,ASSEMBLY 62,,
"WALLACE, DORIS LOUISE",2002,GENERAL,ASSEMBLY 63,,
"SCRIBNER, DOUGLAS JAMES",2002,GENERAL,ASSEMBLY 68,,
"KANE, JOHN P.",2002,GENERAL,ASSEMBLY 70,,
"CROSS, BRIAN LEE",2002,GENERAL,ASSEMBLY 72,,
"VONDRUSKA, ROBERT ANTHONY",2002,GENERAL,ASSEMBLY 73,,
"CALZADA, KATHLEEN",2002,GENERAL,ASSEMBLY 73,,
"BAKER, SARAH",2002,GENERAL,ASSEMBLY 76,,
"MENANNO, MARK",2002,GENERAL,ASSEMBLY 78,,
"VANCE, ERNEST F.",2002,GENERAL,CONTROLLER,,
"AGUIRRE, CARLOS",2002,GENERAL,CONTROLLER,,
"WELLS, LAURA",2002,GENERAL,CONTROLLER,,
"COPELAND, GARY DAVID",2002,GENERAL,GOVERNOR,,
"GULKE, REINHOLD",2002,GENERAL,GOVERNOR,,
"ADAM, IRIS",2002,GENERAL,GOVERNOR,,
"OGDEN, DALE F.",2002,GENERAL,INSURANCE COMMISSIONER,,
"KLEIN, STEVEN",2002,GENERAL,INSURANCE COMMISSIONER,,
"CALDERON, RAUL",2002,GENERAL,INSURANCE COMMISSIONER,,
"PRZYBYLAK, KALEE",2002,GENERAL,LIEUTENANT GOVERNOR,,
"HANNOSH, PAUL J.",2002,GENERAL,LIEUTENANT GOVERNOR,,
"KING, JIM",2002,GENERAL,LIEUTENANT GOVERNOR,,
"BRIERLY, ELIZABETH C",2002,GENERAL,MEMBER BOARD OF EQUALIZATION 01,,
"BENDICK, MARK S.",2002,GENERAL,MEMBER BOARD OF EQUALIZATION 01,,
"GRAHAM, J.R.",2002,GENERAL,MEMBER BOARD OF EQUALIZATION 03,,
"CHRISTIAN-HEISING, MARY",2002,GENERAL,MEMBER BOARD OF EQUALIZATION 03,,
"WEISSMAN, KENNETH A.",2002,GENERAL,MEMBER BOARD OF EQUALIZATION 04,,
"LIGHTFOOT, GAIL K.",2002,GENERAL,SECRETARY OF STATE,,
"ALLISON, LOUISE M.",2002,GENERAL,SECRETARY OF STATE,,
"SHARPE-GEISLER, VALLI",2002,GENERAL,SECRETARY OF STATE,,
"REDFEARN, PEGGY",2002,GENERAL,STATE SENATE 02,,
"UNDERWOOD, ROBERT H.",2002,GENERAL,STATE SENATE 04,,
"SWINNEY, CARL M. ""MARTY""",2002,GENERAL,STATE SENATE 24,,
"DE BAETS, PETER D.",2002,GENERAL,STATE SENATE 28,,
"SMITHSON, MARIAN V.",2002,GENERAL,TREASURER,,
"VALENTINE, SYLVIA ESTHER",2002,GENERAL,TREASURER,,
"THRON, DOUG RILEY",2002,PRIMARY,ASSEMBLY 01,,
"BRET, PETE ANTHONY",2002,PRIMARY,ASSEMBLY 02,,
"POSTON, DOUGLAS",2002,PRIMARY,ASSEMBLY 09,,
"MANSKE, FRANK J.",2002,PRIMARY,ASSEMBLY 11,,
"MADEN, CHRISTOPHER R.",2002,PRIMARY,ASSEMBLY 13,,
"SANCHEZ, MOSES ARIEL",2002,PRIMARY,ASSEMBLY 17,,
"HOVINGH, JACK",2002,PRIMARY,ASSEMBLY 18,,
"BELL, RAYMOND M.",2002,PRIMARY,ASSEMBLY 21,,
"WATSON, KENNITA L.",2002,PRIMARY,ASSEMBLY 22,,
"FIRCH, WESLEY W.",2002,PRIMARY,ASSEMBLY 25,,
"SMITH, E. DENISE",2002,PRIMARY,ASSEMBLY 25,,
"CARTER, CHARLES ""CHUCK""",2002,PRIMARY,ASSEMBLY 27,,
"MARTINEZ, RICHARD",2002,PRIMARY,ASSEMBLY 29,,
"HOULGATE, LAURENCE",2002,PRIMARY,ASSEMBLY 33,,
"LEMBKE, KARL",2002,PRIMARY,ASSEMBLY 38,,
"AYAO, ELY DE LA CRUZ",2002,PRIMARY,ASSEMBLY 39,,
"FRIEDMAN, CONSTANCE J.",2002,PRIMARY,ASSEMBLY 40,,
"WOREN, SANDOR J.",2002,PRIMARY,ASSEMBLY 43,,
"NEW, BOB",2002,PRIMARY,ASSEMBLY 44,,
"CLEMENS, KEITH",2002,PRIMARY,ASSEMBLY 47,,
"HERDEGEN, NOLAYAN O.",2002,PRIMARY,ASSEMBLY 48,,
"WILSON, GUY",2002,PRIMARY,ASSEMBLY 55,,
"DAVIS, BOB",2002,PRIMARY,ASSEMBLY 56,,
"PIMENTEL, PAUL C.",2002,PRIMARY,ASSEMBLY 57,,
"MARTINEZ, ADRIAN LINCOLN",2002,PRIMARY,ASSEMBLY 60,,
"SCOTT, G. EDWARD",2002,PRIMARY,ASSEMBLY 62,,
"WALLACE, DORIS LOUISE",2002,PRIMARY,ASSEMBLY 63,,
"SCRIBNER, DOUGLAS JAMES",2002,PRIMARY,ASSEMBLY 68,,
"KANE, JOHN P.",2002,PRIMARY,ASSEMBLY 70,,
"CROSS, BRIAN LEE",2002,PRIMARY,ASSEMBLY 72,,
"VONDRUSKA, ROBERT ANTHONY",2002,PRIMARY,ASSEMBLY 73,,
"CALZADA, KATHLEEN",2002,PRIMARY,ASSEMBLY 73,,
"BAKER, SARAH",2002,PRIMARY,ASSEMBLY 76,,
"MENANNO, MARK",2002,PRIMARY,ASSEMBLY 78,,
"MC INTOSH, KATHLEEN",2002,PRIMARY,ASSEMBLY 78,,
"NEVENIC, SVETLANA",2002,PRIMARY,ASSEMBLY 80,,
"BLANCO, DAVID DELANO",2002,PRIMARY,CONTROLLER,,
"VANCE, ERNEST F.",2002,PRIMARY,CONTROLLER,,
"AGUIRRE, CARLOS",2002,PRIMARY,CONTROLLER,,
"WELLS, LAURA",2002,PRIMARY,CONTROLLER,,
"BUKEWIHGE, EDIE",2002,PRIMARY,GOVERNOR,,
"DIMOV, JIM M.",2002,PRIMARY,GOVERNOR,,
"COPELAND, GARY DAVID",2002,PRIMARY,GOVERNOR,,
"PINEDA, CHARLES",2002,PRIMARY,GOVERNOR,,
"GULKE, REINHOLD",2002,PRIMARY,GOVERNOR,,
"ADAM, IRIS",2002,PRIMARY,GOVERNOR,,
"OGDEN, DALE F.",2002,PRIMARY,INSURANCE COMMISSIONER,,
"KLEIN, STEVEN",2002,PRIMARY,INSURANCE COMMISSIONER,,
"CALDERON, RAUL",2002,PRIMARY,INSURANCE COMMISSIONER,,
"STITCH, STEFAN ""STU""",2002,PRIMARY,INSURANCE COMMISSIONER,,
"PRZYBYLAK, KALEE",2002,PRIMARY,LIEUTENANT GOVERNOR,,
"HANNOSH, PAUL J.",2002,PRIMARY,LIEUTENANT GOVERNOR,,
"KING, JIM",2002,PRIMARY,LIEUTENANT GOVERNOR,,
"WOODS, MAX",2002,PRIMARY,MEMBER BOARD OF EQUALIZATION 01,REPUBLICAN,http://elections.cdn.sos.ca.gov/sov/2002-primary/sov-complete.pdf
"BRIERLY, ELIZABETH C",2002,PRIMARY,MEMBER BOARD OF EQUALIZATION 01,LIBERTARIAN,http://elections.cdn.sos.ca.gov/sov/2002-primary/sov-complete.pdf
"BENDICK, MARK S.",2002,PRIMARY,MEMBER BOARD OF EQUALIZATION 01,REPUBLICAN,http://elections.cdn.sos.ca.gov/sov/2002-primary/sov-complete.pdf
"ANGELO, NORMAN",2002,PRIMARY,MEMBER BOARD OF EQUALIZATION 02,DEMOCRATIC,http://elections.cdn.sos.ca.gov/sov/2002-primary/sov-complete.pdf
"GRAHAM, J.R.",2002,PRIMARY,MEMBER BOARD OF EQUALIZATION 03,LIBERTARIAN,http://elections.cdn.sos.ca.gov/sov/2002-primary/sov-complete.pdf
"CHRISTIAN-HEISING, MARY",2002,PRIMARY,MEMBER BOARD OF EQUALIZATION 03,DEMOCRATIC,http://elections.cdn.sos.ca.gov/sov/2002-primary/sov-complete.pdf
"BAKEER, EMAD J.",2002,PRIMARY,MEMBER BOARD OF EQUALIZATION 03,REPUBLICAN,http://elections.cdn.sos.ca.gov/sov/2002-primary/sov-complete.pdf
"WEISSMAN, KENNETH A.",2002,PRIMARY,MEMBER BOARD OF EQUALIZATION 04,LIBERTARIAN,http://elections.cdn.sos.ca.gov/sov/2002-primary/sov-complete.pdf
"LIGHTFOOT, GAIL K.",2002,PRIMARY,SECRETARY OF STATE,,
"SCHAEFER, MIKE",2002,PRIMARY,SECRETARY OF STATE,,
"HENLEY, CARL Q.",2002,PRIMARY,SECRETARY OF STATE,,
"ALLISON, LOUISE M.",2002,PRIMARY,SECRETARY OF STATE,,
"SHARPE-GEISLER, VALLI",2002,PRIMARY,SECRETARY OF STATE,,
"MARR, BARBARA JEAN",2002,PRIMARY,SECRETARY OF STATE,,
"REDFEARN, PEGGY",2002,PRIMARY,STATE SENATE 02,,
"UNDERWOOD, ROBERT H.",2002,PRIMARY,STATE SENATE 04,,
"DE BAETS, PETER D.",2002,PRIMARY,STATE SENATE 28,,
"SMITHSON, MARIAN V.",2002,PRIMARY,TREASURER,,
"VALENTINE, SYLVIA ESTHER",2002,PRIMARY,TREASURER,,
"GOLDSWORTHY, KIM",2001,SPECIAL,ASSEMBLY 49,,
"MIRANDA, ROBERT",2001,SPECIAL,ASSEMBLY 49,,
"HOUSE, VINCENT F.",2001,SPECIAL,STATE SENATE 24,,
"SWINNEY, CARL M. ""MARTY""",2001,SPECIAL,STATE SENATE 24,,
"PERKINS, CHARLES E.",2001,SPECIAL,ASSEMBLY 65,,
"BAGLEY, JIM",2001,SPECIAL,ASSEMBLY 65,,
"O'BRIEN, DAVID WIILLIAM",2001,SPECIAL,ASSEMBLY 65,,
"STROM-MARTIN, VIRGINIA",2000,GENERAL,ASSEMBLY 01,,
"GILLEO, JOSHUA",2000,GENERAL,ASSEMBLY 01,,
"LAMPSON, MIKE",2000,GENERAL,ASSEMBLY 01,,
"THIESSEN, PATRICE",2000,GENERAL,ASSEMBLY 02,,
"DICKERSON, RICHARD ""DICK""",2000,GENERAL,ASSEMBLY 02,,
"BRET, PETE ANTHONY",2000,GENERAL,ASSEMBLY 02,,
"PARKS, VIRGIL",2000,GENERAL,ASSEMBLY 02,,
"THOMASON, WILLIAM L.",2000,GENERAL,ASSEMBLY 03,,
"MACOLA, STEPHEN A.",2000,GENERAL,ASSEMBLY 04,,
"FRAZIER, GENE",2000,GENERAL,ASSEMBLY 05,,
"COX, DAVE",2000,GENERAL,ASSEMBLY 05,,
"SULLIVAN, ED",2000,GENERAL,ASSEMBLY 06,,
"OLMSTEAD, RICHARD",2000,GENERAL,ASSEMBLY 06,,
"WIGGINS, PATRICIA ANN",2000,GENERAL,ASSEMBLY 07,,
"SCHOEFFLER, WILLIAM",2000,GENERAL,ASSEMBLY 07,,
"RIVERA, PEDRO J.",2000,GENERAL,ASSEMBLY 07,,
"WILSON, ROBERT W.",2000,GENERAL,ASSEMBLY 08,,
"THOMSON, HELEN M. (501WITHDRAWN)",2000,GENERAL,ASSEMBLY 08,,
"SAUNDERS, BRUCE B.",2000,GENERAL,ASSEMBLY 09,,
"BERGERON, JAN L.",2000,GENERAL,ASSEMBLY 09,,
"HARGRAVE, CHARLES",2000,GENERAL,ASSEMBLY 09,,
"PESCETTI, ANTHONY",2000,GENERAL,ASSEMBLY 10,,
"KOHLHEPP, TOM",2000,GENERAL,ASSEMBLY 10,,
"DIAZ, JIM",2000,GENERAL,ASSEMBLY 11,,
"MANSKE, FRANK J.",2000,GENERAL,ASSEMBLY 11,,
"ROSAS, LOU",2000,GENERAL,ASSEMBLY 11,,
"SHELLEY, KEVIN",2000,GENERAL,ASSEMBLY 12,,
"EPSTEIN, HOWARD",2000,GENERAL,ASSEMBLY 12,,
"MIGDEN, CAROLE",2000,GENERAL,ASSEMBLY 13,,
STARCHILD,2000,GENERAL,ASSEMBLY 13,,
"LANE, BOB",2000,GENERAL,ASSEMBLY 13,,
"UDINSKY, JERALD",2000,GENERAL,ASSEMBLY 14,,
"BURTON, DANIEL C.",2000,GENERAL,ASSEMBLY 14,,
"ARONER, DION LOUISE",2000,GENERAL,ASSEMBLY 14,,
"LEACH, LYNNE C.",2000,GENERAL,ASSEMBLY 15,,
"ARMSTRONG, RICHARD E.",2000,GENERAL,ASSEMBLY 16,,
"BOCK, AUDIE E.",2000,GENERAL,ASSEMBLY 16,,
"MC CORMICK, TIMOTHY B.",2000,GENERAL,ASSEMBLY 16,,
"BUSCH, ROY W.",2000,GENERAL,ASSEMBLY 17,,
"CORBETT, ELLEN",2000,GENERAL,ASSEMBLY 18,,
"MAHMOOD, SYED",2000,GENERAL,ASSEMBLY 18,,
"KASSEL, STEVEN H.",2000,GENERAL,ASSEMBLY 19,,
"PAPAN, LOU",2000,GENERAL,ASSEMBLY 19,,
"SIX, PAUL J.",2000,GENERAL,ASSEMBLY 19,,
"LUNDRY, STEVE C.",2000,GENERAL,ASSEMBLY 19,,
"KING, LOWELL",2000,GENERAL,ASSEMBLY 20,,
"WERLWAS, MARK",2000,GENERAL,ASSEMBLY 20,,
"DUTRA, JOHN A.",2000,GENERAL,ASSEMBLY 20,,
"SIMITIAN, S. JOSEPH",2000,GENERAL,ASSEMBLY 21,,
"PURCELL, GLORIA",2000,GENERAL,ASSEMBLY 21,,
"KAWCZYNSKI, STAN",2000,GENERAL,ASSEMBLY 22,,
"ALBRECHT, DANA W.",2000,GENERAL,ASSEMBLY 23,,
"STRONG, RAY",2000,GENERAL,ASSEMBLY 24,,
"ZWICKEL, JONATHAN IRA",2000,GENERAL,ASSEMBLY 25,,
"SANCHEZ, MARSHALL",2000,GENERAL,ASSEMBLY 26,,
"CARDOZA, DENNIS",2000,GENERAL,ASSEMBLY 26,,
"BONINO, DAVID R.",2000,GENERAL,ASSEMBLY 27,,
"DE JOLY, MADELINE",2000,GENERAL,ASSEMBLY 27,,
"CARTER, CHARLES ""CHUCK""",2000,GENERAL,ASSEMBLY 27,,
"VER, ROGER",2000,GENERAL,ASSEMBLY 28,,
"VOGEL, JOHN",2000,GENERAL,ASSEMBLY 28,,
"DRIOANE, RON",2000,GENERAL,ASSEMBLY 29,,
"BRIGGS, MIKE",2000,GENERAL,ASSEMBLY 29,,
"REID, LITA",2000,GENERAL,ASSEMBLY 29,,
"FLOREZ, DEAN",2000,GENERAL,ASSEMBLY 30,,
"REYES, SARAH",2000,GENERAL,ASSEMBLY 31,,
"CABRAL, RICHARD GUERRA",2000,GENERAL,ASSEMBLY 31,,
"GURROLA, VIRGINIA",2000,GENERAL,ASSEMBLY 32,,
"ASHBURN, ROY",2000,GENERAL,ASSEMBLY 32,,
"HOULGATE, LAURENCE",2000,GENERAL,ASSEMBLY 33,,
"MALDONADO, ABEL",2000,GENERAL,ASSEMBLY 33,,
"CONAWAY, ROBERT ""BOB""",2000,GENERAL,ASSEMBLY 34,,
"DAHL, ERIC",2000,GENERAL,ASSEMBLY 35,,
"JACKSON, HANNAH-BETH",2000,GENERAL,ASSEMBLY 35,,
"CALDERON, PAULA L.",2000,GENERAL,ASSEMBLY 36,,
"RUNNER, GEORGE C.",2000,GENERAL,ASSEMBLY 36,,
"BASHEM, GREGORY JAMES",2000,GENERAL,ASSEMBLY 36,,
"MICHLIN, WILLARD D.",2000,GENERAL,ASSEMBLY 37,,
"STRICKLAND, TONY",2000,GENERAL,ASSEMBLY 37,,
"LAURITZEN, JON M.",2000,GENERAL,ASSEMBLY 38,,
"BARON, PHILIP",2000,GENERAL,ASSEMBLY 38,,
"MAIRA, CHRISTOPHER ""KIT""",2000,GENERAL,ASSEMBLY 39,,
"CARDENAS, TONY",2000,GENERAL,ASSEMBLY 39,,
"VALDEZ, ENRIQUE (HENRY)",2000,GENERAL,ASSEMBLY 39,,
"ROSS, KELLEY L.",2000,GENERAL,ASSEMBLY 40,,
"HERTZBERG, ROBERT",2000,GENERAL,ASSEMBLY 40,,
"HAMMANS, KYLE",2000,GENERAL,ASSEMBLY 40,,
"SHAPIRO, JAYNE M.",2000,GENERAL,ASSEMBLY 41,,
"GOLDMAN, COLIN S.",2000,GENERAL,ASSEMBLY 41,,
"TAYLOR, DOUGLAS CLEON",2000,GENERAL,ASSEMBLY 42,,
"ADAM, IVKA",2000,GENERAL,ASSEMBLY 42,,
"SELZER, MARK ALLEN",2000,GENERAL,ASSEMBLY 42,,
"DOUGLAS, JERRY",2000,GENERAL,ASSEMBLY 44,,
"BROWN, MATT",2000,GENERAL,ASSEMBLY 46,,
"LEONARD, JONATHAN",2000,GENERAL,ASSEMBLY 47,,
"PACER, SCOTT",2000,GENERAL,ASSEMBLY 47,,
"WESSON, HERMAN J.",2000,GENERAL,ASSEMBLY 47,,
"WRIGHT, RODERICK ""ROD""",2000,GENERAL,ASSEMBLY 48,,
"WOODS, ERNEST L.",2000,GENERAL,ASSEMBLY 48,,
"ROMERO, GLORIA",2000,GENERAL,ASSEMBLY 49,,
"MILLER, GLADYS O.",2000,GENERAL,ASSEMBLY 50,,
"FIREBAUGH, MARCO ANTONIO",2000,GENERAL,ASSEMBLY 50,,
"HAWKINS, ANTOINE",2000,GENERAL,ASSEMBLY 51,,
"ILES, MARK ANTHONY",2000,GENERAL,ASSEMBLY 52,,
"WASHINGTON, CARL",2000,GENERAL,ASSEMBLY 52,,
"HOWITT, PHIL",2000,GENERAL,ASSEMBLY 53,,
"FELANDO, GERALD",2000,GENERAL,ASSEMBLY 53,,
"NAKANO, GEORGE",2000,GENERAL,ASSEMBLY 53,,
"OGDEN, DALE F.",2000,GENERAL,ASSEMBLY 54,,
"LOWENTHAL, ALAN",2000,GENERAL,ASSEMBLY 54,,
"LANKSTER, SAUL E.",2000,GENERAL,ASSEMBLY 55,,
"WILSON, GUY",2000,GENERAL,ASSEMBLY 55,,
"HAVICE, SALLY",2000,GENERAL,ASSEMBLY 56,,
"VENTUROSO, KATHERINE LICARI",2000,GENERAL,ASSEMBLY 57,,
"CALDERON, THOMAS M.",2000,GENERAL,ASSEMBLY 58,,
"BURROLA, ALEX A.",2000,GENERAL,ASSEMBLY 58,,
"WHITE, GEORGE",2000,GENERAL,ASSEMBLY 59,,
"ALLISON, LOUISE M.",2000,GENERAL,ASSEMBLY 59,,
"YOUNG, SCOTT E.",2000,GENERAL,ASSEMBLY 60,,
"PACHECO, ROBERT ""BOB""",2000,GENERAL,ASSEMBLY 60,,
"DUHAMEL, JEFF A.",2000,GENERAL,ASSEMBLY 60,,
"KOCOT, DAVID",2000,GENERAL,ASSEMBLY 61,,
"MATUS, HENRY JOHN",2000,GENERAL,ASSEMBLY 62,,
"MARTINEZ, MARY LOU",2000,GENERAL,ASSEMBLY 62,,
"LONGVILLE, JOHN",2000,GENERAL,ASSEMBLY 62,,
"STOTZ, SCOTT T.",2000,GENERAL,ASSEMBLY 63,,
"MOHLER, ETHEL M.",2000,GENERAL,ASSEMBLY 63,,
"LEONARD, BILL",2000,GENERAL,ASSEMBLY 63,,
"WALLACK, ANNIE",2000,GENERAL,ASSEMBLY 64,,
"PACHECO, RODRIC A.",2000,GENERAL,ASSEMBLY 64,,
"RENTERIA, JOSEPH RAY",2000,GENERAL,ASSEMBLY 65,,
"CANFIELD, BOB",2000,GENERAL,ASSEMBLY 66,,
"REUTTER, CHUCK",2000,GENERAL,ASSEMBLY 66,,
"HILBERT, ANDREW MARTIN",2000,GENERAL,ASSEMBLY 67,,
"BROWNE, AUTUMN",2000,GENERAL,ASSEMBLY 67,,
"NEWHOUSE, RICHARD G.",2000,GENERAL,ASSEMBLY 68,,
"SNOOK, AL",2000,GENERAL,ASSEMBLY 68,,
"MADDOX, KENNETH",2000,GENERAL,ASSEMBLY 68,,
"PHAM, BRIAN TUAN",2000,GENERAL,ASSEMBLY 69,,
"CORREA, LOU",2000,GENERAL,ASSEMBLY 69,,
"KATZ, BARRY L.",2000,GENERAL,ASSEMBLY 70,,
"MILLS, RAYMOND O.",2000,GENERAL,ASSEMBLY 70,,
"MC KEON, MERRITT LORI",2000,GENERAL,ASSEMBLY 70,,
"VONDRUSKA, ROBERT ANTHONY",2000,GENERAL,ASSEMBLY 70,,
"CAMPBELL, BILL",2000,GENERAL,ASSEMBLY 71,,
"BRYANT, BRENDA JO",2000,GENERAL,ASSEMBLY 71,,
"CROSS, BRIAN LEE",2000,GENERAL,ASSEMBLY 71,,
"FOSTER, BEA",2000,GENERAL,ASSEMBLY 71,,
"NANJUNDAPPA, GANGADHARAPRA",2000,GENERAL,ASSEMBLY 72,,
"ZAMARRA, JOHN WM.",2000,GENERAL,ASSEMBLY 72,,
"FISHER, PAUL",2000,GENERAL,ASSEMBLY 73,,
"WILBERG, ROBERT D.",2000,GENERAL,ASSEMBLY 73,,
"BATES, PATRICIA C. ""PAT""",2000,GENERAL,ASSEMBLY 73,,
"KING, PAUL H.",2000,GENERAL,ASSEMBLY 73,,
"HOHMAN, TOM",2000,GENERAL,ASSEMBLY 74,,
"HERRERA, JOHN",2000,GENERAL,ASSEMBLY 74,,
"BOURDETTE, BARBARA",2000,GENERAL,ASSEMBLY 74,,
"WALTERS, JUDITH K.",2000,GENERAL,ASSEMBLY 75,,
"ZETTEL, CHARLENE",2000,GENERAL,ASSEMBLY 75,,
"PIETILA, GARY W.",2000,GENERAL,ASSEMBLY 75,,
"OAKEY, DAVID T.",2000,GENERAL,ASSEMBLY 76,,
"METTI, MICHAEL S.",2000,GENERAL,ASSEMBLY 77,,
"WINGFIELD, RAYMOND C.",2000,GENERAL,ASSEMBLY 78,,
"TRIGLIA, DENNIS",2000,GENERAL,ASSEMBLY 78,,
"WAYNE, HOWARD",2000,GENERAL,ASSEMBLY 78,,
"PARUNGAO, JON",2000,GENERAL,ASSEMBLY 79,,
"CARDULLA, RICHARD J.",2000,GENERAL,ASSEMBLY 79,,
"KELLEY, DAVID G.",2000,GENERAL,ASSEMBLY 80,,
"WEBER, SUSAN MARIE",2000,GENERAL,ASSEMBLY 80,,
"OLLER, THOMAS",2000,GENERAL,STATE SENATE 01,,
"PETERSEN, JON",2000,GENERAL,STATE SENATE 01,,
"ROMERO, THOMAS ""TOM""",2000,GENERAL,STATE SENATE 01,,
"JOKI, CELESTE JOY BLAU",2000,GENERAL,STATE SENATE 03,,
"FAULKNER, TERRENCE",2000,GENERAL,STATE SENATE 03,,
"BROW, CAROLE",2000,GENERAL,STATE SENATE 05,,
"NICOLAS, WILLIAM S.",2000,GENERAL,STATE SENATE 05,,
"TORLAKSON, TOM",2000,GENERAL,STATE SENATE 07,,
"RAINEY, DICK",2000,GENERAL,STATE SENATE 07,,
"BILLINGS, MARK",2000,GENERAL,STATE SENATE 07,,
"EYER, JAMES M.",2000,GENERAL,STATE SENATE 09,,
"MARSHALL, LINDA J.",2000,GENERAL,STATE SENATE 09,,
"SHER, BYRON",2000,GENERAL,STATE SENATE 11,,
"HICKEY, JOHN J.",2000,GENERAL,STATE SENATE 11,,
"LONGWELL, JOHN",2000,GENERAL,STATE SENATE 13,,
"VASCONCELLOS, JOHN",2000,GENERAL,STATE SENATE 13,,
"WEBSTER, JOHN H.",2000,GENERAL,STATE SENATE 13,,
"MC PHERSON, BRUCE",2000,GENERAL,STATE SENATE 15,,
"ROSENKRANZ, DAVID",2000,GENERAL,STATE SENATE 15,,
"SACHTJEN, GORDON D.",2000,GENERAL,STATE SENATE 15,,
"CHAVEZ, ANSELMO A.",2000,GENERAL,STATE SENATE 15,,
"KNIGHT, WILLIAM J. ""PETE""",2000,GENERAL,STATE SENATE 17,,
"LOTT, RICHARD",2000,GENERAL,STATE SENATE 17,,
"GIBSON, JOHN R.",2000,GENERAL,STATE SENATE 17,,
"WALLACK, DOUGLAS R.",2000,GENERAL,STATE SENATE 17,,
"MC CLINTOCK, THOMAS",2000,GENERAL,STATE SENATE 19,,
"GONZALEZ, DANIEL R.",2000,GENERAL,STATE SENATE 19,,
"SCOTT, JACK",2000,GENERAL,STATE SENATE 21,,
"NEW, BOB",2000,GENERAL,STATE SENATE 21,,
"KUEHL, SHEILA J.",2000,GENERAL,STATE SENATE 23,,
"BLACK, CHARLES T.",2000,GENERAL,STATE SENATE 23,,
"MC CLAIN, CLIFF",2000,GENERAL,STATE SENATE 25,,
"VINCENT, EDWARD",2000,GENERAL,STATE SENATE 25,,
"KARNETTE, BETTY",2000,GENERAL,STATE SENATE 27,,
"FAEGRE, LELAND THOMAS",2000,GENERAL,STATE SENATE 29,,
"MARGETT, ROBERT",2000,GENERAL,STATE SENATE 29,,
"RAYBURN, MIKE",2000,GENERAL,STATE SENATE 31,,
"BRULTE, JAMES L.",2000,GENERAL,STATE SENATE 31,,
"WARD, FRITZ R.",2000,GENERAL,STATE SENATE 31,,
"CHACON, MICHAEL",2000,GENERAL,STATE SENATE 33,,
"VERKAMP, WM. (BILL)",2000,GENERAL,STATE SENATE 33,,
"ACKERMAN, RICHARD",2000,GENERAL,STATE SENATE 33,,
"ROBERTS, JACK",2000,GENERAL,STATE SENATE 33,,
"KATZ, CINDY",2000,GENERAL,STATE SENATE 35,,
"STUDIER, PAUL L.",2000,GENERAL,STATE SENATE 35,,
"JOHNSON, ROSS",2000,GENERAL,STATE SENATE 35,,
"RAY, STEVE",2000,GENERAL,STATE SENATE 35,,
"BATTIN, JAMES F.",2000,GENERAL,STATE SENATE 37,,
"TELLO, DONNA",2000,GENERAL,STATE SENATE 37,,
"ALPERT, DEDE",2000,GENERAL,STATE SENATE 39,,
"KNOLES, STUART",2000,GENERAL,STATE SENATE 39,,
"NICHOLS, RUSTY",2000,GENERAL,STATE SENATE 39,,
"STROM-MARTIN, VIRGINIA",2000,PRIMARY,ASSEMBLY 01,,
"GILLEO, JOSHUA",2000,PRIMARY,ASSEMBLY 01,,
"LAMPSON, MIKE",2000,PRIMARY,ASSEMBLY 01,,
"THIESSEN, PATRICE",2000,PRIMARY,ASSEMBLY 02,,
"DICKERSON, RICHARD ""DICK""",2000,PRIMARY,ASSEMBLY 02,,
"BRET, PETE ANTHONY",2000,PRIMARY,ASSEMBLY 02,,
"PARKS, VIRGIL",2000,PRIMARY,ASSEMBLY 02,,
"THOMASON, WILLIAM L.",2000,PRIMARY,ASSEMBLY 03,,
"MACOLA, STEPHEN A.",2000,PRIMARY,ASSEMBLY 04,,
"FRAZIER, GENE",2000,PRIMARY,ASSEMBLY 05,,
"COX, DAVE",2000,PRIMARY,ASSEMBLY 05,,
"NAVE, PAUL",2000,PRIMARY,ASSEMBLY 06,,
"EGGER, FRANK",2000,PRIMARY,ASSEMBLY 06,,
"SULLIVAN, ED",2000,PRIMARY,ASSEMBLY 06,,
"GIBSON, JACK",2000,PRIMARY,ASSEMBLY 06,,
"CRANE, BASIA",2000,PRIMARY,ASSEMBLY 06,,
"OLMSTEAD, RICHARD",2000,PRIMARY,ASSEMBLY 06,,
"WIGGINS, PATRICIA ANN",2000,PRIMARY,ASSEMBLY 07,,
"SCHOEFFLER, WILLIAM",2000,PRIMARY,ASSEMBLY 07,,
"RIVERA, PEDRO J.",2000,PRIMARY,ASSEMBLY 07,,
"WILSON, ROBERT W.",2000,PRIMARY,ASSEMBLY 08,,
"THOMSON, HELEN M. (501WITHDRAWN)",2000,PRIMARY,ASSEMBLY 08,,
"SAUNDERS, BRUCE B.",2000,PRIMARY,ASSEMBLY 09,,
"BERGERON, JAN L.",2000,PRIMARY,ASSEMBLY 09,,
"HARGRAVE, CHARLES",2000,PRIMARY,ASSEMBLY 09,,
"PESCETTI, ANTHONY",2000,PRIMARY,ASSEMBLY 10,,
"KOHLHEPP, TOM",2000,PRIMARY,ASSEMBLY 10,,
"DIAZ, JIM",2000,PRIMARY,ASSEMBLY 11,,
"MANSKE, FRANK J.",2000,PRIMARY,ASSEMBLY 11,,
"ROSAS, LOU",2000,PRIMARY,ASSEMBLY 11,,
"SHELLEY, KEVIN",2000,PRIMARY,ASSEMBLY 12,,
"EPSTEIN, HOWARD",2000,PRIMARY,ASSEMBLY 12,,
"MIGDEN, CAROLE",2000,PRIMARY,ASSEMBLY 13,,
STARCHILD,2000,PRIMARY,ASSEMBLY 13,,
"LANE, BOB",2000,PRIMARY,ASSEMBLY 13,,
"NEIRA, GAIL E.",2000,PRIMARY,ASSEMBLY 13,,
"UDINSKY, JERALD",2000,PRIMARY,ASSEMBLY 14,,
"BURTON, DANIEL C.",2000,PRIMARY,ASSEMBLY 14,,
"ARONER, DION LOUISE",2000,PRIMARY,ASSEMBLY 14,,
"LEACH, LYNNE C.",2000,PRIMARY,ASSEMBLY 15,,
"ARMSTRONG, RICHARD E.",2000,PRIMARY,ASSEMBLY 16,,
"MC CORMICK, TIMOTHY B.",2000,PRIMARY,ASSEMBLY 16,,
"BUSCH, ROY W.",2000,PRIMARY,ASSEMBLY 17,,
"STEBBINS, C. JENNET",2000,PRIMARY,ASSEMBLY 17,,
"BENIGNO, THOMAS A.",2000,PRIMARY,ASSEMBLY 17,,
"CORBETT, ELLEN",2000,PRIMARY,ASSEMBLY 18,,
"MAHMOOD, SYED",2000,PRIMARY,ASSEMBLY 18,,
"KASSEL, STEVEN H.",2000,PRIMARY,ASSEMBLY 19,,
"PAPAN, LOU",2000,PRIMARY,ASSEMBLY 19,,
"SIX, PAUL J.",2000,PRIMARY,ASSEMBLY 19,,
"LUNDRY, STEVE C.",2000,PRIMARY,ASSEMBLY 19,,
"KING, LOWELL",2000,PRIMARY,ASSEMBLY 20,,
"WERLWAS, MARK",2000,PRIMARY,ASSEMBLY 20,,
"DUTRA, JOHN A.",2000,PRIMARY,ASSEMBLY 20,,
"SIMITIAN, S. JOSEPH",2000,PRIMARY,ASSEMBLY 21,,
"PURCELL, GLORIA",2000,PRIMARY,ASSEMBLY 21,,
"KAWCZYNSKI, STAN",2000,PRIMARY,ASSEMBLY 22,,
"ALBRECHT, DANA W.",2000,PRIMARY,ASSEMBLY 23,,
"NEIGHBORS, DAVID J.",2000,PRIMARY,ASSEMBLY 23,,
"BUZO, FRED",2000,PRIMARY,ASSEMBLY 23,,
"GLICKMAN, STEVE",2000,PRIMARY,ASSEMBLY 24,,
COURTRIGHT DONNA,2000,PRIMARY,ASSEMBLY 24,,
"STRONG, RAY",2000,PRIMARY,ASSEMBLY 24,,
"ZWICKEL, JONATHAN IRA",2000,PRIMARY,ASSEMBLY 25,,
"DEKLINSKI, BOB",2000,PRIMARY,ASSEMBLY 25,,
"HARRISON, RUSSELL A.",2000,PRIMARY,ASSEMBLY 25,,
"SANCHEZ, MARSHALL",2000,PRIMARY,ASSEMBLY 26,,
"CARDOZA, DENNIS",2000,PRIMARY,ASSEMBLY 26,,
"BONINO, DAVID R.",2000,PRIMARY,ASSEMBLY 27,,
"DE JOLY, MADELINE",2000,PRIMARY,ASSEMBLY 27,,
"CARTER, CHARLES ""CHUCK""",2000,PRIMARY,ASSEMBLY 27,,
"VER, ROGER",2000,PRIMARY,ASSEMBLY 28,,
"VOGEL, JOHN",2000,PRIMARY,ASSEMBLY 28,,
"DRIOANE, RON",2000,PRIMARY,ASSEMBLY 29,,
"BRIGGS, MIKE",2000,PRIMARY,ASSEMBLY 29,,
"REID, LITA",2000,PRIMARY,ASSEMBLY 29,,
"FLOREZ, DEAN",2000,PRIMARY,ASSEMBLY 30,,
"REYES, SARAH",2000,PRIMARY,ASSEMBLY 31,,
"CABRAL, RICHARD GUERRA",2000,PRIMARY,ASSEMBLY 31,,
"GURROLA, VIRGINIA",2000,PRIMARY,ASSEMBLY 32,,
"ASHBURN, ROY",2000,PRIMARY,ASSEMBLY 32,,
"HOULGATE, LAURENCE",2000,PRIMARY,ASSEMBLY 33,,
"MALDONADO, ABEL",2000,PRIMARY,ASSEMBLY 33,,
"CONAWAY, ROBERT ""BOB""",2000,PRIMARY,ASSEMBLY 34,,
"DAHL, ERIC",2000,PRIMARY,ASSEMBLY 35,,
"NORRDIN, DAVID L.",2000,PRIMARY,ASSEMBLY 35,,
"JACKSON, HANNAH-BETH",2000,PRIMARY,ASSEMBLY 35,,
"CALDERON, PAULA L.",2000,PRIMARY,ASSEMBLY 36,,
"RUNNER, GEORGE C.",2000,PRIMARY,ASSEMBLY 36,,
"BASHEM, GREGORY JAMES",2000,PRIMARY,ASSEMBLY 36,,
"SHARKEY, JON",2000,PRIMARY,ASSEMBLY 37,,
"MICHLIN, WILLARD D.",2000,PRIMARY,ASSEMBLY 37,,
"STRICKLAND, TONY",2000,PRIMARY,ASSEMBLY 37,,
"LAURITZEN, JON M.",2000,PRIMARY,ASSEMBLY 38,,
"WALKER, NORM",2000,PRIMARY,ASSEMBLY 38,,
"BARON, PHILIP",2000,PRIMARY,ASSEMBLY 38,,
"MAIRA, CHRISTOPHER ""KIT""",2000,PRIMARY,ASSEMBLY 39,,
"CARDENAS, TONY",2000,PRIMARY,ASSEMBLY 39,,
"VALDEZ, ENRIQUE (HENRY)",2000,PRIMARY,ASSEMBLY 39,,
"ROSS, KELLEY L.",2000,PRIMARY,ASSEMBLY 40,,
"HERTZBERG, ROBERT",2000,PRIMARY,ASSEMBLY 40,,
"HAMMANS, KYLE",2000,PRIMARY,ASSEMBLY 40,,
"DE LEUW, EUNICE",2000,PRIMARY,ASSEMBLY 40,,
"GOTTFRIED, BRENDA F.",2000,PRIMARY,ASSEMBLY 41,,
"SHAPIRO, JAYNE M.",2000,PRIMARY,ASSEMBLY 41,,
"WALLACE, WILLIAM (BILL)",2000,PRIMARY,ASSEMBLY 41,,
"GOLDMAN, COLIN S.",2000,PRIMARY,ASSEMBLY 41,,
"STITCH, STEFAN ""STU""",2000,PRIMARY,ASSEMBLY 41,,
"TAYLOR, DOUGLAS CLEON",2000,PRIMARY,ASSEMBLY 42,,
"ADAM, IVKA",2000,PRIMARY,ASSEMBLY 42,,
"SELZER, MARK ALLEN",2000,PRIMARY,ASSEMBLY 42,,
"MICHAEL, LIZ",2000,PRIMARY,ASSEMBLY 43,,
"WAGNER, ROBERT",2000,PRIMARY,ASSEMBLY 44,,
"DOUGLAS, JERRY",2000,PRIMARY,ASSEMBLY 44,,
"FRANCO, VICTOR M.",2000,PRIMARY,ASSEMBLY 44,,
"DE LA ROSA, ANTONIO",2000,PRIMARY,ASSEMBLY 45,,
"BROWN, MATT",2000,PRIMARY,ASSEMBLY 46,,
"LEONARD, JONATHAN",2000,PRIMARY,ASSEMBLY 47,,
"PACER, SCOTT",2000,PRIMARY,ASSEMBLY 47,,
"WESSON, HERMAN J.",2000,PRIMARY,ASSEMBLY 47,,
"WRIGHT, RODERICK ""ROD""",2000,PRIMARY,ASSEMBLY 48,,
"WOODS, ERNEST L.",2000,PRIMARY,ASSEMBLY 48,,
"ROMERO, GLORIA",2000,PRIMARY,ASSEMBLY 49,,
"MILLER, GLADYS O.",2000,PRIMARY,ASSEMBLY 50,,
"FIREBAUGH, MARCO ANTONIO",2000,PRIMARY,ASSEMBLY 50,,
"FERNANDEZ, JOSE",2000,PRIMARY,ASSEMBLY 51,,
"HAWKINS, ANTOINE",2000,PRIMARY,ASSEMBLY 51,,
"DUNLAP, JUDY",2000,PRIMARY,ASSEMBLY 51,,
"BROWN, WANDA M.",2000,PRIMARY,ASSEMBLY 51,,
"JIMENEZ, TRINI",2000,PRIMARY,ASSEMBLY 51,,
"TAYLOR, JOE",2000,PRIMARY,ASSEMBLY 52,,
"ILES, MARK ANTHONY",2000,PRIMARY,ASSEMBLY 52,,
"WASHINGTON, CARL",2000,PRIMARY,ASSEMBLY 52,,
"HOWITT, PHIL",2000,PRIMARY,ASSEMBLY 53,,
"FELANDO, GERALD",2000,PRIMARY,ASSEMBLY 53,,
"NAKANO, GEORGE",2000,PRIMARY,ASSEMBLY 53,,
"OGDEN, DALE F.",2000,PRIMARY,ASSEMBLY 54,,
"KAHN, SANFORD W.",2000,PRIMARY,ASSEMBLY 54,,
"LOWENTHAL, ALAN",2000,PRIMARY,ASSEMBLY 54,,
"MC DONALD, R. KEITH",2000,PRIMARY,ASSEMBLY 55,,
"LANKSTER, SAUL E.",2000,PRIMARY,ASSEMBLY 55,,
"ROBINSON, CARL E.",2000,PRIMARY,ASSEMBLY 55,,
"WILSON, GUY",2000,PRIMARY,ASSEMBLY 55,,
"HAVICE, SALLY",2000,PRIMARY,ASSEMBLY 56,,
"WONG, DANIEL K.",2000,PRIMARY,ASSEMBLY 56,,
"WALLACH, PATRICIA A. (PAT)",2000,PRIMARY,ASSEMBLY 57,,
"FELLOW, TONY",2000,PRIMARY,ASSEMBLY 57,,
"LOZANO, MANUEL",2000,PRIMARY,ASSEMBLY 57,,
"VENTUROSO, KATHERINE LICARI",2000,PRIMARY,ASSEMBLY 57,,
"CALDERON, THOMAS M.",2000,PRIMARY,ASSEMBLY 58,,
"BURROLA, ALEX A.",2000,PRIMARY,ASSEMBLY 58,,
"LEIGA, AL",2000,PRIMARY,ASSEMBLY 59,,
"WHITE, GEORGE",2000,PRIMARY,ASSEMBLY 59,,
"ALLISON, LOUISE M.",2000,PRIMARY,ASSEMBLY 59,,
"KHALIL, KHALIL",2000,PRIMARY,ASSEMBLY 59,,
"YOUNG, SCOTT E.",2000,PRIMARY,ASSEMBLY 60,,
"PACHECO, ROBERT ""BOB""",2000,PRIMARY,ASSEMBLY 60,,
"DUHAMEL, JEFF A.",2000,PRIMARY,ASSEMBLY 60,,
"CORTEZ, EDWARD",2000,PRIMARY,ASSEMBLY 61,,
"KOCOT, DAVID",2000,PRIMARY,ASSEMBLY 61,,
"DEMALLIE, BOB",2000,PRIMARY,ASSEMBLY 61,,
"GARCIA, MARK",2000,PRIMARY,ASSEMBLY 62,,
"MATUS, HENRY JOHN",2000,PRIMARY,ASSEMBLY 62,,
"MARTINEZ, MARY LOU",2000,PRIMARY,ASSEMBLY 62,,
"LONGVILLE, JOHN",2000,PRIMARY,ASSEMBLY 62,,
"STOTZ, SCOTT T.",2000,PRIMARY,ASSEMBLY 63,,
"WALLACE, VINCENT",2000,PRIMARY,ASSEMBLY 63,,
"MOHLER, ETHEL M.",2000,PRIMARY,ASSEMBLY 63,,
"LEONARD, BILL",2000,PRIMARY,ASSEMBLY 63,,
"WALLACK, ANNIE",2000,PRIMARY,ASSEMBLY 64,,
"PACHECO, RODRIC A.",2000,PRIMARY,ASSEMBLY 64,,
"RENTERIA, JOSEPH RAY",2000,PRIMARY,ASSEMBLY 65,,
"MEDIANO, ADOLFO",2000,PRIMARY,ASSEMBLY 65,,
"O'BRIEN, DAVID WIILLIAM",2000,PRIMARY,ASSEMBLY 65,,
"ESTENGER, BILL",2000,PRIMARY,ASSEMBLY 66,,
"CANFIELD, BOB",2000,PRIMARY,ASSEMBLY 66,,
"REUTTER, CHUCK",2000,PRIMARY,ASSEMBLY 66,,
"HILBERT, ANDREW MARTIN",2000,PRIMARY,ASSEMBLY 67,,
"BROWNE, AUTUMN",2000,PRIMARY,ASSEMBLY 67,,
"NEWHOUSE, RICHARD G.",2000,PRIMARY,ASSEMBLY 68,,
"SNOOK, AL",2000,PRIMARY,ASSEMBLY 68,,
"MADDOX, KENNETH",2000,PRIMARY,ASSEMBLY 68,,
"PHAM, BRIAN TUAN",2000,PRIMARY,ASSEMBLY 69,,
"CORREA, LOU",2000,PRIMARY,ASSEMBLY 69,,
"KATZ, BARRY L.",2000,PRIMARY,ASSEMBLY 70,,
"MILLS, RAYMOND O.",2000,PRIMARY,ASSEMBLY 70,,
"MC KEON, MERRITT LORI",2000,PRIMARY,ASSEMBLY 70,,
"VONDRUSKA, ROBERT ANTHONY",2000,PRIMARY,ASSEMBLY 70,,
"CAMPBELL, BILL",2000,PRIMARY,ASSEMBLY 71,,
"BECK, GARY C.",2000,PRIMARY,ASSEMBLY 71,,
"BRYANT, BRENDA JO",2000,PRIMARY,ASSEMBLY 71,,
"CROSS, BRIAN LEE",2000,PRIMARY,ASSEMBLY 71,,
"FOSTER, BEA",2000,PRIMARY,ASSEMBLY 71,,
"NANJUNDAPPA, GANGADHARAPRA",2000,PRIMARY,ASSEMBLY 72,,
"ZAMARRA, JOHN WM.",2000,PRIMARY,ASSEMBLY 72,,
"FISHER, PAUL",2000,PRIMARY,ASSEMBLY 73,,
"WILBERG, ROBERT D.",2000,PRIMARY,ASSEMBLY 73,,
"BATES, PATRICIA C. ""PAT""",2000,PRIMARY,ASSEMBLY 73,,
"KING, PAUL H.",2000,PRIMARY,ASSEMBLY 73,,
"DURGIN, GEORGE A.",2000,PRIMARY,ASSEMBLY 74,,
"BEIER, KEITH E.",2000,PRIMARY,ASSEMBLY 74,,
"HOHMAN, TOM",2000,PRIMARY,ASSEMBLY 74,,
"BOND, JAMES",2000,PRIMARY,ASSEMBLY 74,,
"HERRERA, JOHN",2000,PRIMARY,ASSEMBLY 74,,
"BOURDETTE, BARBARA",2000,PRIMARY,ASSEMBLY 74,,
"RADY, JUNE",2000,PRIMARY,ASSEMBLY 74,,
"WALTERS, JUDITH K.",2000,PRIMARY,ASSEMBLY 75,,
"ZETTEL, CHARLENE",2000,PRIMARY,ASSEMBLY 75,,
"WARD, BOB",2000,PRIMARY,ASSEMBLY 75,,
"PIETILA, GARY W.",2000,PRIMARY,ASSEMBLY 75,,
"OAKEY, DAVID T.",2000,PRIMARY,ASSEMBLY 76,,
"CUBELLO, JOHN ""CUBBY""",2000,PRIMARY,ASSEMBLY 76,,
"GALLUP, CHRIS",2000,PRIMARY,ASSEMBLY 76,,
"KROPP, ELMER MARK",2000,PRIMARY,ASSEMBLY 76,,
"DAVIDSON, LAOMA C. ""DANA""",2000,PRIMARY,ASSEMBLY 77,,
"METTI, MICHAEL S.",2000,PRIMARY,ASSEMBLY 77,,
"DORIA, MANNY",2000,PRIMARY,ASSEMBLY 77,,
"MENDOZA, MATT",2000,PRIMARY,ASSEMBLY 77,,
"WINGFIELD, RAYMOND C.",2000,PRIMARY,ASSEMBLY 78,,
"TRIGLIA, DENNIS",2000,PRIMARY,ASSEMBLY 78,,
"WAYNE, HOWARD",2000,PRIMARY,ASSEMBLY 78,,
"SHELBY, MYKE",2000,PRIMARY,ASSEMBLY 78,,
"PARUNGAO, JON",2000,PRIMARY,ASSEMBLY 79,,
"CRENSHAW, DWAYNE",2000,PRIMARY,ASSEMBLY 79,,
"BARAJAS, PETRA",2000,PRIMARY,ASSEMBLY 79,,
"CARDULLA, RICHARD J.",2000,PRIMARY,ASSEMBLY 79,,
"SECREST, LARRY L.",2000,PRIMARY,ASSEMBLY 79,,
"JOHANSEN, PATRICIA ""PAT""",2000,PRIMARY,ASSEMBLY 80,,
"LEWIS, JIM",2000,PRIMARY,ASSEMBLY 80,,
"KELLEY, DAVID G.",2000,PRIMARY,ASSEMBLY 80,,
"WEBER, SUSAN MARIE",2000,PRIMARY,ASSEMBLY 80,,
"OLLER, THOMAS",2000,PRIMARY,STATE SENATE 01,,
"CALLAWAY, MERITA A.",2000,PRIMARY,STATE SENATE 01,,
"GRUENDL, SCOTT",2000,PRIMARY,STATE SENATE 01,,
"PETERSEN, JON",2000,PRIMARY,STATE SENATE 01,,
"ROMERO, THOMAS ""TOM""",2000,PRIMARY,STATE SENATE 01,,
"DAUM, R.K. ""SKIP:",2000,PRIMARY,STATE SENATE 01,,
"JOKI, CELESTE JOY BLAU",2000,PRIMARY,STATE SENATE 03,,
"FAULKNER, TERRENCE",2000,PRIMARY,STATE SENATE 03,,
"SHOEMAKER, JAMES",2000,PRIMARY,STATE SENATE 05,,
"BROW, CAROLE",2000,PRIMARY,STATE SENATE 05,,
"NICOLAS, WILLIAM S.",2000,PRIMARY,STATE SENATE 05,,
"TORLAKSON, TOM",2000,PRIMARY,STATE SENATE 07,,
"RAINEY, DICK",2000,PRIMARY,STATE SENATE 07,,
"CHILIMIDOS, DARYL",2000,PRIMARY,STATE SENATE 07,,
"BILLINGS, MARK",2000,PRIMARY,STATE SENATE 07,,
"EYER, JAMES M.",2000,PRIMARY,STATE SENATE 09,,
"MARSHALL, LINDA J.",2000,PRIMARY,STATE SENATE 09,,
"SHER, BYRON",2000,PRIMARY,STATE SENATE 11,,
"HICKEY, JOHN J.",2000,PRIMARY,STATE SENATE 11,,
"LONGWELL, JOHN",2000,PRIMARY,STATE SENATE 13,,
"VASCONCELLOS, JOHN",2000,PRIMARY,STATE SENATE 13,,
"WATSON, KENNITA L.",2000,PRIMARY,STATE SENATE 13,,
"WEBSTER, JOHN H.",2000,PRIMARY,STATE SENATE 13,,
"MC PHERSON, BRUCE",2000,PRIMARY,STATE SENATE 15,,
"OGNYANOVICH, KATHRINA M.",2000,PRIMARY,STATE SENATE 15,,
"ROSENKRANZ, DAVID",2000,PRIMARY,STATE SENATE 15,,
"SACHTJEN, GORDON D.",2000,PRIMARY,STATE SENATE 15,,
"CHAVEZ, ANSELMO A.",2000,PRIMARY,STATE SENATE 15,,
"KNIGHT, WILLIAM J. ""PETE""",2000,PRIMARY,STATE SENATE 17,,
"LOTT, RICHARD",2000,PRIMARY,STATE SENATE 17,,
"GIBSON, JOHN R.",2000,PRIMARY,STATE SENATE 17,,
"WALLACK, DOUGLAS R.",2000,PRIMARY,STATE SENATE 17,,
"MC CLINTOCK, THOMAS",2000,PRIMARY,STATE SENATE 19,,
"GONZALEZ, DANIEL R.",2000,PRIMARY,STATE SENATE 19,,
"WILDMAN, SCOTT",2000,PRIMARY,STATE SENATE 21,,
"SCOTT, JACK",2000,PRIMARY,STATE SENATE 21,,
"WALLIS, DAVE",2000,PRIMARY,STATE SENATE 21,,
"NEW, BOB",2000,PRIMARY,STATE SENATE 21,,
"KUEHL, SHEILA J.",2000,PRIMARY,STATE SENATE 23,,
"BLACK, CHARLES T.",2000,PRIMARY,STATE SENATE 23,,
"KNOX, WALLY",2000,PRIMARY,STATE SENATE 23,,
"MC CLAIN, CLIFF",2000,PRIMARY,STATE SENATE 25,,
"VINCENT, EDWARD",2000,PRIMARY,STATE SENATE 25,,
"KARNETTE, BETTY",2000,PRIMARY,STATE SENATE 27,,
"HERFERT, STEVE",2000,PRIMARY,STATE SENATE 29,,
"FAEGRE, LELAND THOMAS",2000,PRIMARY,STATE SENATE 29,,
"MARGETT, ROBERT",2000,PRIMARY,STATE SENATE 29,,
"RAYBURN, MIKE",2000,PRIMARY,STATE SENATE 31,,
"BRULTE, JAMES L.",2000,PRIMARY,STATE SENATE 31,,
"WARD, FRITZ R.",2000,PRIMARY,STATE SENATE 31,,
"CHACON, MICHAEL",2000,PRIMARY,STATE SENATE 33,,
"VERKAMP, WM. (BILL)",2000,PRIMARY,STATE SENATE 33,,
"ACKERMAN, RICHARD",2000,PRIMARY,STATE SENATE 33,,
"ROBERTS, JACK",2000,PRIMARY,STATE SENATE 33,,
"KATZ, CINDY",2000,PRIMARY,STATE SENATE 35,,
"STUDIER, PAUL L.",2000,PRIMARY,STATE SENATE 35,,
"JOHNSON, ROSS",2000,PRIMARY,STATE SENATE 35,,
"RAY, STEVE",2000,PRIMARY,STATE SENATE 35,,
"BATTIN, JAMES F.",2000,PRIMARY,STATE SENATE 37,,
"WATTON, MARK",2000,PRIMARY,STATE SENATE 37,,
"TELLO, DONNA",2000,PRIMARY,STATE SENATE 37,,
"ALPERT, DEDE",2000,PRIMARY,STATE SENATE 39,,
"KNOLES, STUART",2000,PRIMARY,STATE SENATE 39,NATURAL LAW,http://elections.cdn.sos.ca.gov/sov/2000-general/sov-complete.pdf
"NICHOLS, RUSTY",2000,PRIMARY,STATE SENATE 39,LIBERTARIAN, http://elections.cdn.sos.ca.gov/sov/2000-general/sov-complete.pdf
